cycle,countPerCycle,count
1,0.000236,8
33900,0,0
37493,0.000425,2
42198,0.0138,2
42343,0.00873,2
42572,0.0108,2
42756,0,0
42958,0.0179,1
43014,0.000452,5
54086,0.00919,5
54630,0.000584,5
63190,0.0117,5
63617,0,0
64379,0.00745,4
64916,0.01,1